Appl_Type,Appl_No,Product_No,Exclusivity_Code,Exclusivity_Date
N,17031,1,RTO,13-Jul-26
N,18680,1,D-193,28-Jun-27
N,18735,2,I-975,10-Oct-28
N,18735,3,I-975,10-Oct-28
N,18735,6,I-975,10-Oct-28
N,18735,7,I-975,10-Oct-28
N,19569,1,ODE-267,28-Jun-26
N,20263,9,NS,14-Apr-26
N,20862,1,M-14,11-Jun-28
N,20862,2,M-14,11-Jun-28
N,20862,3,M-14,11-Jun-28
N,20899,1,NPP,09-May-28
N,20988,1,NPP,12-Aug-27
N,21164,1,NCE,22-Sep-28
N,21164,2,NCE,22-Sep-28
N,21164,3,NCE,22-Sep-28
N,21164,4,NCE,22-Sep-28
N,21196,1,ODE-231,26-Oct-25
N,21323,1,NPP,12-May-26
N,21323,2,NPP,12-May-26
N,21323,3,NPP,12-May-26
N,21365,1,NPP,12-May-26
N,21529,2,D-199,16-Jan-29
N,21539,1,D-196,26-Nov-27
N,21825,1,ODE-417,30-Apr-28
N,21825,1,ODE-420,30-Apr-28
N,21825,1,ODE-421,30-Apr-28
N,21825,2,ODE-417,30-Apr-28
N,21825,2,ODE-420,30-Apr-28
N,21825,2,ODE-421,30-Apr-28
N,21845,1,M-287,31-Jan-26
N,21845,1,ODE-469,31-Jan-30
N,21880,1,ODE-241,28-May-26
N,21880,1,ODE-245,28-May-26
N,21880,2,ODE-241,28-May-26
N,21880,2,ODE-245,28-May-26
N,21880,3,ODE-241,28-May-26
N,21880,3,ODE-245,28-May-26
N,21880,4,ODE-241,28-May-26
N,21880,4,ODE-245,28-May-26
N,21880,5,ODE-241,28-May-26
N,21880,5,ODE-245,28-May-26
N,21880,6,ODE-241,28-May-26
N,21880,6,ODE-245,28-May-26
N,21986,1,ODE-225,21-Dec-25
N,21986,2,ODE-225,21-Dec-25
N,21986,3,ODE-225,21-Dec-25
N,21986,4,ODE-225,21-Dec-25
N,21986,5,ODE-225,21-Dec-25
N,21986,6,ODE-225,21-Dec-25
N,22068,1,ODE-380,23-Sep-28
N,22068,2,ODE-380,23-Sep-28
N,22068,3,ODE-380,23-Sep-28
N,22192,1,I-939,02-Apr-27
N,22192,2,I-939,02-Apr-27
N,22192,3,I-939,02-Apr-27
N,22192,4,I-939,02-Apr-27
N,22192,5,I-939,02-Apr-27
N,22192,6,I-939,02-Apr-27
N,22192,7,I-939,02-Apr-27
N,22225,1,NPP,12-Dec-27
N,22225,2,NPP,12-Dec-27
N,22231,1,NCE,14-Sep-27
N,22231,1,ODE-406,14-Sep-29
N,22253,1,D-188,28-Apr-26
N,22253,2,D-188,28-Apr-26
N,22253,3,D-188,28-Apr-26
N,22253,4,D-188,28-Apr-26
N,22254,1,D-188,28-Apr-26
N,22255,1,D-188,28-Apr-26
N,22271,1,M-300,27-Jul-26
N,22271,2,M-300,27-Jul-26
N,22271,3,M-300,27-Jul-26
N,22304,1,NPP,03-Jul-26
N,22304,2,NPP,03-Jul-26
N,22304,3,NPP,03-Jul-26
N,22335,1,NP,29-Sep-26
N,22348,1,NPP,11-May-26
N,22348,2,NPP,11-May-26
N,22348,3,NPP,11-May-26
N,22372,1,ODE-315,05-Aug-27
N,22473,1,M-287,31-Jan-26
N,22496,1,I-929,09-Nov-26
N,22496,2,I-929,09-Nov-26
N,22526,1,I-983,13-Dec-28
N,22562,1,ODE-345,22-Jan-28
N,22580,1,M-308,13-Sep-27
N,22580,2,M-308,13-Sep-27
N,22580,3,M-308,13-Sep-27
N,22580,4,M-308,13-Sep-27
N,50708,1,ODE-360,16-Jul-28
N,50708,2,ODE-360,16-Jul-28
N,50708,3,ODE-360,16-Jul-28
N,50709,1,ODE-360,16-Jul-28
N,50794,1,ODE-399,20-May-29
N,201280,1,M-295,20-Jun-26
N,201281,1,M-295,20-Jun-26
N,201281,2,M-295,20-Jun-26
N,201281,3,M-295,20-Jun-26
N,201532,1,M-280,13-Sep-25
N,201699,1,ODE-367,24-Jan-27
N,201848,1,NP,14-Aug-26
N,201848,1,ODE-438,14-Aug-30
N,202022,1,NPP,15-Mar-27
N,202049,1,ODE-327,30-Oct-27
N,202155,1,NPP,17-Apr-28
N,202155,2,NPP,17-Apr-28
N,202155,3,NS,17-Apr-28
N,202192,1,M-285,19-Dec-25
N,202192,1,ODE-238,24-May-26
N,202192,1,ODE-373,22-Sep-28
N,202192,2,M-285,19-Dec-25
N,202192,2,ODE-238,24-May-26
N,202192,2,ODE-373,22-Sep-28
N,202192,3,M-285,19-Dec-25
N,202192,3,ODE-238,24-May-26
N,202192,3,ODE-373,22-Sep-28
N,202192,4,M-285,19-Dec-25
N,202192,4,ODE-238,24-May-26
N,202192,4,ODE-373,22-Sep-28
N,202192,5,M-285,19-Dec-25
N,202192,5,ODE-238,24-May-26
N,202192,5,ODE-373,22-Sep-28
N,202293,1,M-298,08-May-26
N,202293,1,NPP,12-Jun-27
N,202293,2,M-298,08-May-26
N,202293,2,NPP,12-Jun-27
N,202408,1,ODE-235,29-Mar-26
N,202570,1,ODE-328,14-Jan-28
N,202570,1,ODE-407,14-Jul-29
N,202570,2,ODE-328,14-Jan-28
N,202570,2,ODE-407,14-Jul-29
N,202714,1,M-14,22-May-28
N,202714,2,M-14,22-May-28
N,202714,3,M-14,22-May-28
N,202806,1,I-908,16-Mar-26
N,202806,1,ODE-428,16-Mar-30
N,202806,2,I-908,16-Mar-26
N,202806,2,ODE-428,16-Mar-30
N,202811,1,I-921,12-Jun-26
N,202811,1,NPP,04-Nov-28
N,202811,3,I-921,12-Jun-26
N,203094,1,ODE-260,22-Aug-26
N,203109,1,M-287,31-Jan-26
N,203188,1,ODE-338,21-Dec-27
N,203214,1,M-14,21-Feb-28
N,203341,1,I-923,26-Sep-26
N,203341,1,ODE-444,26-Sep-30
N,203341,2,I-923,26-Sep-26
N,203341,2,ODE-444,26-Sep-30
N,203341,3,I-923,26-Sep-26
N,203341,3,ODE-444,26-Sep-30
N,203414,1,M-300,27-Jul-26
N,203414,2,M-300,27-Jul-26
N,203415,1,I-926,17-Nov-26
N,203441,1,ODE-240,16-May-26
N,203469,1,I-934,19-Mar-27
N,203469,1,ODE-472,19-Mar-31
N,203469,2,I-934,19-Mar-27
N,203469,2,ODE-472,19-Mar-31
N,203469,3,I-934,19-Mar-27
N,203469,3,ODE-472,19-Mar-31
N,203469,4,I-934,19-Mar-27
N,203469,4,ODE-472,19-Mar-31
N,203496,1,ODE-272,18-Oct-26
N,203496,2,ODE-272,18-Oct-26
N,203496,3,ODE-272,18-Oct-26
N,203496,4,ODE-272,18-Oct-26
N,203496,5,ODE-272,18-Oct-26
N,203565,1,I-915,31-May-26
N,203565,2,I-915,31-May-26
N,203565,3,I-915,31-May-26
N,203565,4,I-915,31-May-26
N,203794,1,NPP,03-Jul-26
N,204026,1,ODE-296,14-May-27
N,204026,1,ODE-297,14-May-27
N,204026,2,ODE-296,14-May-27
N,204026,2,ODE-297,14-May-27
N,204026,3,ODE-296,14-May-27
N,204026,3,ODE-297,14-May-27
N,204026,4,ODE-296,14-May-27
N,204026,4,ODE-297,14-May-27
N,204042,1,NPP,18-Dec-27
N,204042,2,NPP,18-Dec-27
N,204114,1,I-908,16-Mar-26
N,204114,1,ODE-428,16-Mar-30
N,204114,2,I-908,16-Mar-26
N,204114,2,ODE-428,16-Mar-30
N,204114,3,I-908,16-Mar-26
N,204114,3,ODE-428,16-Mar-30
N,204168,1,M-304,24-Mar-26
N,204168,2,M-304,24-Mar-26
N,204168,3,M-304,24-Mar-26
N,204168,4,M-304,24-Mar-26
N,204275,1,NPP,13-May-26
N,204275,3,NS,13-May-26
N,204353,1,NPP,18-Dec-27
N,204353,2,NPP,18-Dec-27
N,204353,3,NPP,18-Dec-27
N,204353,4,NPP,18-Dec-27
N,204384,1,M-306,21-Jun-27
N,204384,1,ODE-251,09-Aug-26
N,204384,1,ODE-307,27-May-27
N,204384,2,M-306,21-Jun-27
N,204384,2,ODE*,09-Aug-26
N,204384,2,ODE-307,27-May-27
N,204410,1,M-187,28-Feb-28
N,204447,1,M-232,23-Aug-26
N,204447,2,M-232,23-Aug-26
N,204447,3,M-232,23-Aug-26
N,204447,4,M-232,23-Aug-26
N,204508,1,NPP,24-Apr-27
N,204629,1,I-922,21-Sep-26
N,204629,1,NPP,20-Jun-26
N,204629,2,NPP,20-Jun-26
N,204630,1,M-303,08-Jan-27
N,204630,2,M-303,08-Jan-27
N,204671,1,ODE*,28-Aug-26
N,204671,2,ODE*,28-Aug-26
N,205053,1,NPP,27-Jan-29
N,205053,1,ODE-355,17-Jun-28
N,205109,1,NPP,01-Jul-27
N,205422,1,I-913,10-May-26
N,205422,1,M-14,08-May-27
N,205422,1,M-315,09-May-28
N,205422,2,I-913,10-May-26
N,205422,2,M-14,08-May-27
N,205422,2,M-315,09-May-28
N,205422,3,I-913,10-May-26
N,205422,3,M-14,08-May-27
N,205422,3,M-315,09-May-28
N,205422,4,I-913,10-May-26
N,205422,4,M-14,08-May-27
N,205422,4,M-315,09-May-28
N,205422,5,I-913,10-May-26
N,205422,5,M-14,08-May-27
N,205422,5,M-315,09-May-28
N,205422,6,I-913,10-May-26
N,205422,6,M-14,08-May-27
N,205422,6,M-315,09-May-28
N,205435,1,NPP,04-Apr-28
N,205436,1,NPP,04-Apr-28
N,205437,1,M-299,20-Jul-26
N,205437,1,NPP,25-Apr-27
N,205437,1,ODE-248,19-Jul-26
N,205437,2,M-299,20-Jul-26
N,205437,2,NPP,25-Apr-27
N,205437,2,ODE-248,19-Jul-26
N,205437,3,M-299,20-Jul-26
N,205437,3,NPP,25-Apr-27
N,205437,3,ODE-248,19-Jul-26
N,205551,1,M-294,15-Jun-26
N,205552,1,NPP,24-Aug-25
N,205552,1,ODE-405,24-Aug-29
N,205552,2,NPP,24-Aug-25
N,205552,2,ODE-405,24-Aug-29
N,205596,1,NPP,27-Jan-29
N,205596,1,ODE-355,17-Jun-28
N,205625,3,M-290,01-Mar-26
N,205649,1,NPP,12-Jun-27
N,205649,2,NPP,12-Jun-27
N,205649,3,NPP,12-Jun-27
N,205649,4,NPP,12-Jun-27
N,205649,5,NPP,12-Jun-27
N,205677,1,ODE-330,01-Dec-27
N,205739,1,NPP,02-Oct-26
N,205739,2,NPP,02-Oct-26
N,205739,3,NPP,02-Oct-26
N,205739,4,NS,02-Oct-26
A,205742,1,PC,15-Apr-26
N,205832,1,ODE-261,06-Sep-26
N,205832,2,ODE-261,06-Sep-26
N,205834,1,ODE*,28-Aug-26
N,205834,2,ODE*,28-Aug-26
N,205879,1,NPP,18-Dec-27
N,205879,2,NPP,18-Dec-27
N,205879,3,NPP,18-Dec-27
N,205879,4,NPP,18-Dec-27
N,206111,1,NPP,20-Jun-26
N,206111,2,NPP,20-Jun-26
N,206111,3,NPP,20-Jun-26
N,206111,4,NPP,20-Jun-26
N,206192,1,M-278,28-Jul-25
N,206192,1,ODE-416,28-Oct-29
N,206229,1,I-917,29-Jun-26
N,206316,1,M-14,18-Oct-26
N,206316,2,M-14,18-Oct-26
N,206316,3,M-14,18-Oct-26
N,206494,1,NPP,26-Jan-27
N,206709,1,ODE-403,14-Jul-29
N,206709,2,ODE-403,14-Jul-29
N,206947,1,M-14,03-Apr-27
N,206947,1,ODE-196,15-Aug-25
N,206947,2,M-14,03-Apr-27
N,206947,2,ODE-196,15-Aug-25
N,207103,1,M-14,16-Sep-28
N,207103,2,M-14,16-Sep-28
N,207103,3,M-14,16-Sep-28
N,207223,1,ODE-403,14-Jul-29
N,207223,2,ODE-403,14-Jul-29
N,207356,1,ODE-214,28-Sep-25
N,207500,1,NPP,08-Dec-26
N,207500,1,ODE-305,06-Mar-22
N,207500,1,ODE-454,08-Dec-30
N,207500,1,ODE-458,08-Dec-30
N,207500,1,ODE-90,06-Mar-22
N,207500,2,NPP,08-Dec-26
N,207500,2,ODE*,06-Mar-22
N,207500,2,ODE-454,08-Dec-30
N,207500,2,ODE-458,08-Dec-30
N,207501,1,NPP,08-Dec-26
N,207501,1,ODE-305,06-Mar-22
N,207501,1,ODE-453,08-Dec-30
N,207501,1,ODE-459,08-Dec-30
N,207501,1,ODE-90,06-Mar-22
N,207695,1,D-191,03-Apr-26
N,207793,1,I-932,13-Feb-27
N,207793,1,ODE-463,13-Feb-31
N,207925,1,M-14,22-May-28
N,207925,1,ODE-236,29-Apr-26
N,207925,1,ODE-338,21-Dec-27
N,207925,2,M-14,22-May-28
N,207925,2,ODE-236,29-Apr-26
N,207925,2,ODE-338,21-Dec-27
N,207925,3,M-14,22-May-28
N,207925,3,ODE-236,29-Apr-26
N,207925,3,ODE-338,21-Dec-27
N,207925,4,M-14,22-May-28
N,207925,4,NPP,03-May-26
N,207925,4,ODE-435,03-May-30
N,207925,5,M-14,22-May-28
N,207925,5,NPP,03-May-26
N,207925,5,ODE-435,03-May-30
N,207981,1,ODE-229,22-Feb-26
N,207981,2,ODE-229,22-Feb-26
N,208026,1,M-295,20-Jun-26
N,208026,2,M-295,20-Jun-26
N,208030,1,ODE-417,30-Apr-28
N,208030,1,ODE-418,30-Apr-28
N,208030,1,ODE-419,30-Apr-28
N,208030,2,ODE-417,30-Apr-28
N,208030,2,ODE-418,30-Apr-28
N,208030,2,ODE-419,30-Apr-28
N,208065,1,I-941,16-Feb-27
N,208065,1,I-952,25-Sep-27
N,208065,1,ODE-337,18-Dec-27
N,208065,2,I-941,16-Feb-27
N,208065,2,I-952,25-Sep-27
N,208065,2,ODE-337,18-Dec-27
N,208081,1,D-194,04-Oct-27
N,208215,1,M-316,20-Jun-28
N,208215,2,M-316,20-Jun-28
N,208215,2,ODE-457,07-Jan-29
N,208232,1,ODE-474,26-Jun-27
N,208288,1,M-292,20-Jan-26
N,208341,1,ODE-293,19-Mar-27
N,208341,2,ODE-293,19-Mar-27
N,208434,1,I-947,18-Apr-27
N,208434,1,ODE-477,18-Apr-31
N,208447,1,ODE-277,23-Oct-26
N,208447,1,ODE-295,29-Apr-27
N,208558,1,I-914,31-May-26
N,208558,1,ODE-283,27-Dec-26
N,208558,1,ODE-306,08-May-27
N,208558,2,I-914,31-May-26
N,208558,2,ODE-283,27-Dec-26
N,208558,2,ODE-306,08-May-27
N,208573,1,ODE-239,15-May-26
N,208573,2,ODE-239,15-May-26
N,208573,3,ODE-239,15-May-26
N,208610,1,NCE,19-Jun-22
N,208611,1,NCE,19-Jun-22
N,208658,1,M-296,20-Jun-26
N,208658,2,M-296,20-Jun-26
N,208658,3,M-296,20-Jun-26
N,208658,4,M-296,20-Jun-26
N,208684,1,ODE-252,07-Jun-26
N,208684,2,ODE-252,07-Jun-26
N,208684,3,ODE-252,07-Jun-26
N,208684,4,ODE-252,07-Jun-26
N,208685,1,ODE-252,07-Jun-26
N,208692,1,ODE-227,14-Jan-26
N,208692,1,ODE-375,17-Sep-28
N,208692,2,ODE-227,14-Jan-26
N,208692,2,ODE-375,17-Sep-28
N,208692,3,ODE-227,14-Jan-26
N,208692,3,ODE-375,17-Sep-28
N,208700,1,NPP,23-Apr-27
N,208700,1,ODE-479,23-Apr-31
N,208711,1,ODE-228,13-Feb-26
N,208712,1,NCE,28-Feb-27
N,208712,1,ODE-397,28-Feb-29
N,208742,1,NPP,07-Apr-28
N,208772,1,ODE-300,22-May-27
N,208772,2,ODE-300,22-May-27
N,208772,3,ODE-300,22-May-27
N,208969,1,NP,07-Mar-26
A,208977,1,CGT,08-Feb-26
N,209022,1,I-940,15-Mar-27
N,209092,1,I-950,17-Sep-27
N,209115,1,I-982,17-Dec-28
N,209115,2,I-982,17-Dec-28
N,209115,3,I-982,17-Dec-28
N,209241,1,I-925,18-Aug-26
N,209241,1,ODE-440,18-Aug-30
N,209241,2,I-925,18-Aug-26
N,209241,2,ODE-440,18-Aug-30
N,209241,3,I-925,18-Aug-26
N,209241,3,ODE-440,18-Aug-30
N,209363,1,NCE,15-Sep-22
N,209394,1,I-967,10-Jun-28
N,209394,1,ODE-232,30-Apr-26
N,209394,1,ODE-233,30-Apr-26
N,209394,1,ODE-372,10-Jun-28
N,209401,1,ODE-350,30-Mar-28
N,209445,1,NCE,14-Nov-24
N,209471,1,NP,01-Mar-26
N,209500,1,I-904,05-Nov-28
N,209500,2,I-904,05-Nov-28
N,209500,3,I-904,05-Nov-28
N,209569,1,ODE-282,20-Dec-26
N,209637,1,I-961,28-Jan-28
N,209637,2,I-961,28-Jan-28
N,209637,3,I-961,28-Jan-28
N,209637,4,I-961,28-Jan-28
N,209776,1,NCE,29-Aug-22
N,209816,1,NCE,02-Oct-23
N,209817,1,NCE,02-Oct-23
N,209819,1,M-314,21-Feb-28
N,209819,2,M-314,21-Feb-28
N,209899,1,M-309,30-Aug-27
N,209899,2,M-309,30-Aug-27
N,209899,3,M-309,30-Aug-27
N,209935,1,I-951,17-Sep-27
N,209939,1,D-189,02-Aug-26
N,209939,1,I-916,05-Jun-26
N,209939,1,NPP,30-Aug-27
N,209939,1,ODE-423,05-Jun-30
N,209939,1,ODE-495,30-Aug-31
N,209939,1,ODE-497,30-Aug-31
N,209939,2,D-189,02-Aug-26
N,209939,2,I-916,05-Jun-26
N,209939,2,NPP,30-Aug-27
N,209939,2,ODE-423,05-Jun-30
N,209939,2,ODE-495,30-Aug-31
N,209939,2,ODE-497,30-Aug-31
N,209940,1,D-189,02-Aug-26
N,209940,1,I-916,05-Jun-26
N,209940,1,NPP,30-Aug-27
N,209940,1,ODE-423,05-Jun-30
N,209940,1,ODE-495,30-Aug-31
N,209940,1,ODE-497,30-Aug-31
N,209940,2,D-189,02-Aug-26
N,209940,2,I-916,05-Jun-26
N,209940,2,NPP,30-Aug-27
N,209940,2,ODE-423,05-Jun-30
N,209940,2,ODE-495,30-Aug-31
N,209940,2,ODE-497,30-Aug-31
N,209964,1,ODE-234,22-Apr-26
N,210115,1,ODE-360,16-Jul-28
N,210115,2,ODE-360,16-Jul-28
N,210136,1,NP,23-May-26
N,210136,2,NP,23-May-26
N,210136,3,NP,23-May-26
N,210136,4,NP,23-May-26
N,210136,5,NP,23-May-26
N,210136,6,NP,23-May-26
N,210136,7,NP,23-May-26
N,210166,1,M-14,10-Jul-28
N,210166,2,M-14,10-Jul-28
N,210238,1,I-974,24-Jul-28
N,210238,1,ODE-246,26-Jun-26
N,210251,1,I-942,23-Feb-27
N,210251,1,M-305,24-Apr-27
N,210251,1,ODE-256,18-Jun-26
N,210251,1,ODE-468,23-Feb-31
N,210251,2,I-942,23-Feb-27
N,210251,2,ODE-378,07-Oct-28
N,210251,2,ODE-468,23-Feb-31
N,210259,1,I-960,16-Jan-28
N,210259,1,ODE-274,21-Nov-26
N,210303,1,NCE,25-Jun-23
N,210365,1,M-270,20-Oct-26
N,210365,1,ODE-326,31-Jul-27
N,210365,1,ODE-332,31-Jul-27
N,210491,1,ODE-247,21-Jun-26
N,210491,1,ODE-335,21-Dec-27
N,210491,2,ODE-247,21-Jun-26
N,210491,2,ODE-335,21-Dec-27
N,210496,1,I-928,11-Oct-26
N,210496,1,I-957,20-Dec-27
N,210496,1,ODE-445,11-Oct-30
N,210496,2,I-928,11-Oct-26
N,210496,2,I-957,20-Dec-27
N,210496,2,ODE-445,11-Oct-30
N,210498,1,I-928,11-Oct-26
N,210563,1,NPP,24-Aug-25
N,210563,1,ODE-405,24-Aug-29
N,210563,2,NPP,24-Aug-25
N,210563,2,ODE-405,24-Aug-29
N,210563,3,NPP,24-Aug-25
N,210563,3,ODE-405,24-Aug-29
N,210563,4,NPP,24-Aug-25
N,210563,4,ODE-405,24-Aug-29
N,210745,1,M-299,20-Jul-26
N,210745,1,ODE*,19-Jul-26
N,210797,1,ODE-270,08-Oct-26
N,210828,1,ODE-383,21-Aug-26
N,210828,1,W,21-Aug-26
N,210854,1,M-187,19-Dec-27
N,210854,2,M-187,19-Dec-27
N,210854,3,M-187,19-Dec-27
N,210858,1,NP,16-Dec-28
N,210858,2,NP,16-Dec-28
N,210858,3,NP,16-Dec-28
N,210858,4,NP,16-Dec-28
N,210867,1,NPP,07-Feb-28
N,210868,1,ODE-349,03-Mar-28
N,210868,2,ODE-349,03-Mar-28
N,210910,1,NCE,16-Nov-23
N,210922,1,M-270,13-Jan-26
N,211109,1,NCE,27-Aug-23
N,211109,2,NCE,27-Aug-23
N,211150,1,NPP,21-Jun-27
N,211150,1,ODE-255,14-Aug-26
N,211150,1,ODE-331,13-Oct-27
N,211150,1,ODE-489,21-Jun-31
N,211150,2,NPP,21-Jun-27
N,211150,2,ODE-255,14-Aug-26
N,211150,2,ODE-331,13-Oct-27
N,211150,2,ODE-489,21-Jun-31
N,211192,1,I-924,24-Oct-26
N,211192,1,ODE-242,02-May-26
N,211192,1,ODE-368,25-Aug-28
N,211192,1,ODE-447,24-Oct-30
A,211220,1,CGT,12-May-26
A,211220,2,CGT,09-May-26
A,211220,3,CGT,09-May-26
N,211230,1,ODE-254,17-Jun-26
N,211230,2,ODE-254,17-Jun-26
N,211241,1,NCE,12-Jan-31
N,211243,1,I-959,17-Jan-28
N,211321,1,ODE-243,17-May-26
N,211358,1,M-14,13-Dec-27
N,211358,1,ODE-408,02-Sep-29
N,211358,2,M-14,13-Dec-27
N,211358,2,ODE-408,02-Sep-29
N,211358,3,M-14,13-Dec-27
N,211358,3,ODE-408,02-Sep-29
N,211379,1,ODE-271,03-Oct-26
N,211580,1,I-911,05-Jun-26
N,211616,1,I-943,22-Mar-27
N,211616,1,I-944,22-Mar-27
N,211617,1,I-943,22-Mar-27
N,211617,1,I-945,22-Mar-27
N,211635,1,NPP,15-Apr-28
N,211635,1,ODE-279,10-Jan-27
N,211635,2,NPP,15-Apr-28
N,211635,2,ODE-279,10-Jan-27
N,211635,3,NPP,15-Apr-28
N,211635,3,ODE-279,10-Jan-27
N,211651,1,I-920,20-Jun-26
N,211651,3,I-920,20-Jun-26
N,211651,5,I-920,20-Jun-26
N,211672,1,NCE,19-Aug-24
N,211673,1,NCE,19-Aug-24
N,211675,1,I-919,18-May-26
N,211675,1,I-946,26-Apr-27
N,211675,1,I-966,28-Apr-28
N,211675,1,NPP,26-Apr-27
N,211675,1,ODE-481,26-Apr-31
N,211675,2,I-919,18-May-26
N,211675,2,I-946,26-Apr-27
N,211675,2,NPP,26-Apr-27
N,211675,2,ODE-481,26-Apr-31
N,211675,3,I-919,18-May-26
N,211675,3,I-946,26-Apr-27
N,211675,3,NPP,26-Apr-27
N,211675,3,ODE-481,26-Apr-31
N,211723,1,ODE-299,23-Jan-27
N,211723,1,ODE-314,18-Jun-27
N,211728,1,ODE-289,15-Apr-27
N,211810,1,ODE-250,02-Aug-26
N,211810,2,ODE*,02-Aug-26
N,211843,1,ODE*,28-Jun-26
N,211843,2,ODE*,28-Jun-26
N,211964,1,NCE,02-Apr-26
N,211964,2,NCE,02-Apr-26
N,211964,3,NCE,02-Apr-26
N,211970,1,ODE-280,12-Dec-26
N,211988,1,I-933,23-Jan-27
N,211988,2,I-933,23-Jan-27
N,211988,3,I-933,23-Jan-27
N,211988,4,I-933,23-Jan-27
N,211994,1,NPP,05-Apr-27
N,211996,1,ODE-237,03-May-26
N,212018,1,I-930,19-Jan-27
N,212018,2,I-930,19-Jan-27
N,212018,3,I-930,19-Jan-27
N,212028,1,M-293,20-Apr-26
N,212028,2,M-293,20-Apr-26
N,212099,1,I-971,03-Jun-28
N,212102,1,ODE-312,25-Jun-27
N,212102,1,ODE-393,25-Mar-29
N,212154,1,ODE-280,12-Aug-27
N,212161,1,ODE-237,03-May-26
N,212194,1,ODE-273,20-Nov-26
N,212269,1,ODE-417,30-Apr-28
N,212269,1,ODE-420,30-Apr-28
N,212269,1,ODE-421,30-Apr-28
N,212271,1,NP,22-Oct-28
N,212273,1,M-313,20-Dec-27
N,212273,1,ODE-275,21-Oct-26
N,212273,1,ODE-323,21-Dec-27
N,212273,1,ODE-357,08-Jun-28
N,212273,1,ODE-512,20-Dec-31
N,212273,2,M-313,20-Dec-27
N,212273,2,ODE*,21-Dec-27
N,212273,2,ODE*,21-Oct-26
N,212273,2,ODE-357,08-Jun-28
N,212273,2,ODE-512,20-Dec-31
N,212306,1,ODE-257,03-Jul-26
N,212306,1,ODE-310,22-Jun-27
N,212306,1,ODE-346,18-Dec-27
N,212306,2,ODE*,22-Jun-27
N,212306,2,ODE*,18-Dec-27
N,212306,2,ODE*,03-Jul-26
N,212306,3,ODE*,18-Dec-27
N,212306,3,ODE*,03-Jul-26
N,212306,3,ODE*,22-Jun-27
N,212306,4,ODE*,03-Jul-26
N,212306,4,ODE*,22-Jun-27
N,212306,4,ODE*,18-Dec-27
N,212306,5,ODE*,03-Jul-26
N,212306,5,ODE*,22-Jun-27
N,212306,5,ODE*,18-Dec-27
N,212306,6,ODE*,03-Jul-26
N,212306,6,ODE*,18-Dec-27
N,212320,1,NPP,19-Dec-28
N,212327,1,ODE-259,16-Aug-26
N,212436,1,M-14,16-Sep-28
N,212436,2,M-14,16-Sep-28
N,212436,3,M-14,16-Sep-28
N,212480,1,ODE-258,28-Aug-26
N,212480,2,ODE-258,28-Aug-26
N,212526,1,I-937,18-Jan-27
N,212526,2,I-937,18-Jan-27
N,212526,3,I-937,18-Jan-27
A,212559,2,CGT,07-Feb-26
A,212559,3,CGT,07-Feb-26
N,212576,1,ODE-316,07-Jul-27
N,212608,1,ODE-356,16-Jun-28
N,212608,1,ODE-366,09-Jan-27
N,212608,1,ODE-434,22-May-30
N,212608,2,ODE-356,16-Jun-28
N,212608,2,ODE-366,09-Jan-27
N,212608,2,ODE-434,22-May-30
N,212608,3,ODE-356,16-Jun-28
N,212608,3,ODE-366,09-Jan-27
N,212608,3,ODE-434,22-May-30
N,212608,4,I-912,22-May-26
N,212608,4,ODE-356,16-Jun-28
N,212608,4,ODE-366,09-Jan-27
N,212608,4,ODE-434,22-May-30
N,212608,5,ODE-356,16-Jun-28
N,212608,5,ODE-366,09-Jan-27
N,212608,5,ODE-434,22-May-30
N,212690,1,ODE-361,21-Jul-27
N,212690,1,ODE-369,12-Aug-28
N,212725,1,NPP,20-Oct-26
N,212725,1,ODE-265,15-Aug-26
N,212725,1,ODE-313,15-Aug-26
N,212725,1,ODE-448,20-Oct-30
N,212725,2,NPP,20-Oct-26
N,212725,2,ODE-265,15-Aug-26
N,212725,2,ODE-313,15-Aug-26
N,212725,2,ODE-448,20-Oct-30
N,212801,1,ODE-286,06-Mar-27
N,212801,2,ODE-286,06-Mar-27
N,212801,3,ODE-286,06-Mar-27
N,212819,1,NCE,16-Jul-24
N,212819,1,NPP,09-Dec-28
N,212862,1,NCE,14-Aug-24
N,212862,1,ODE-253,14-Aug-26
N,212887,1,NCE,21-Jan-26
N,212888,1,NCE,21-Jan-26
N,212888,2,NCE,21-Jan-26
N,212904,1,NCE,10-Mar-26
N,212904,2,NCE,10-Mar-26
N,212905,1,NCE,21-Jul-28
N,212937,1,ODE-384,20-Sep-29
N,212994,1,NCE,07-May-26
N,212994,2,NCE,07-May-26
N,212994,3,NCE,07-May-26
N,213004,1,NP,01-Nov-22
N,213005,1,NP,23-May-28
N,213005,2,NP,23-May-28
N,213005,3,NP,23-May-28
N,213005,4,NP,23-May-28
N,213006,1,I-955,18-Dec-27
N,213026,1,NCE,25-Feb-26
N,213026,1,ODE-347,25-Feb-28
N,213036,1,ODE-290,26-May-27
N,213051,1,I-976,17-Oct-28
N,213051,2,I-976,17-Oct-28
N,213051,3,I-976,17-Oct-28
N,213051,4,I-976,17-Oct-28
N,213051,5,I-976,17-Oct-28
N,213051,6,I-976,17-Oct-28
N,213082,1,M-14,21-Feb-28
N,213137,1,ODE-281,25-Nov-26
N,213137,1,ODE-394,17-Dec-28
N,213137,2,ODE-394,17-Dec-28
N,213138,1,ODE-367,24-Jan-27
A,213154,1,PC,14-Feb-26
N,213176,1,NCE,05-Feb-26
N,213189,1,D-192,07-Jun-27
N,213217,1,I-817,19-Jan-26
N,213217,1,I-936,07-Mar-27
N,213217,1,ODE-274,19-Jan-30
N,213217,1,ODE-276,14-Nov-26
N,213217,1,ODE-370,14-Sep-28
N,213217,1,ODE-371,31-Aug-28
N,213217,1,ODE-467,07-Mar-31
N,213227,1,ODE-317,03-Sep-27
N,213246,1,M-311,27-Sep-27
N,213246,1,M-312,27-Sep-27
N,213246,1,NPP,29-May-27
N,213246,1,ODE-301,08-May-27
N,213246,1,ODE-302,08-May-27
N,213246,1,ODE-303,08-May-27
N,213246,1,ODE-409,21-Sep-29
N,213246,1,ODE-412,21-Sep-29
N,213246,1,ODE-484,29-May-31
N,213246,1,ODE-485,29-May-31
N,213246,1,ODE-487,29-May-31
N,213246,2,M-311,27-Sep-27
N,213246,2,M-312,27-Sep-27
N,213246,2,NPP,29-May-27
N,213246,2,ODE-301,08-May-27
N,213246,2,ODE-302,08-May-27
N,213246,2,ODE-303,08-May-27
N,213246,2,ODE-409,21-Sep-29
N,213246,2,ODE-412,21-Sep-29
N,213246,2,ODE-484,29-May-31
N,213246,2,ODE-485,29-May-31
N,213246,2,ODE-487,29-May-31
N,213312,1,ODE-386,22-Nov-28
N,213378,1,NCE,28-May-26
N,213378,2,NCE,28-May-26
N,213378,3,NCE,28-May-26
N,213378,4,NCE,28-May-26
N,213411,1,I-906,19-Jan-26
N,213411,1,ODE-309,17-Apr-27
N,213411,1,ODE-422,19-Jan-30
N,213411,2,I-906,19-Jan-26
N,213411,2,ODE-309,17-Apr-27
N,213411,2,ODE-422,19-Jan-30
N,213464,1,ODE-319,06-Aug-27
N,213464,2,ODE-319,06-Aug-27
N,213478,1,ODE-391,22-Mar-29
N,213498,1,NCE,18-Mar-26
N,213498,2,NCE,18-Mar-26
N,213498,3,NCE,18-Mar-26
N,213498,4,NCE,18-Mar-26
N,213498,5,NCE,18-Mar-26
N,213498,6,NCE,18-Mar-26
N,213498,7,NCE,18-Mar-26
N,213498,8,NCE,18-Mar-26
N,213498,9,NCE,18-Mar-26
N,213498,10,NCE,18-Mar-26
N,213535,1,M-270,03-Oct-26
N,213535,1,ODE-334,07-Aug-27
N,213535,1,ODE-400,27-May-29
N,213586,1,NP,28-Apr-26
N,213586,2,NP,28-Apr-26
N,213586,3,NP,28-Apr-26
N,213586,4,NP,28-Apr-26
N,213586,5,NP,28-Apr-26
N,213586,6,NP,28-Apr-26
N,213586,7,NP,28-Apr-26
N,213591,1,ODE-291,06-May-27
N,213591,2,ODE-291,06-May-27
N,213674,1,I-926,17-Nov-26
N,213674,2,I-926,17-Nov-26
N,213687,1,ODE-311,30-Jun-27
N,213702,1,I-977,02-Oct-28
N,213702,1,ODE-304,15-Jun-27
N,213716,1,NCE,22-Jan-26
N,213721,1,ODE-318,04-Sep-27
N,213721,1,ODE-340,01-Dec-27
N,213721,1,ODE-341,01-Dec-27
N,213736,1,ODE-292,17-Apr-27
N,213736,1,ODE-404,26-Aug-29
N,213736,2,ODE-292,17-Apr-27
N,213736,2,ODE-404,26-Aug-29
N,213736,3,ODE-292,17-Apr-27
N,213736,3,ODE-404,26-Aug-29
N,213756,1,NPP,19-Nov-28
N,213756,1,NPP,10-Sep-28
N,213756,1,ODE-288,10-Apr-27
N,213756,2,NPP,19-Nov-28
N,213756,2,NPP,10-Sep-28
N,213756,2,ODE-288,10-Apr-27
N,213793,1,NPP,20-Dec-27
N,213793,1,ODE-336,25-Nov-27
N,213793,1,ODE-402,16-Jun-29
N,213793,1,ODE-508,20-Dec-31
N,213793,1,ODE-509,20-Dec-31
N,213871,1,NCE,14-Jan-27
N,213871,1,NPP,09-Feb-26
N,213871,2,NCE,14-Jan-27
N,213871,2,NPP,09-Feb-26
N,213871,3,NCE,14-Jan-27
N,213871,3,NPP,09-Feb-26
N,213931,1,NP,17-Oct-26
N,213931,2,NP,17-Oct-26
N,213931,3,NP,17-Oct-26
N,213969,1,ODE-324,20-Nov-27
N,213969,2,ODE-324,20-Nov-27
N,213972,1,NCE,25-Oct-29
N,213973,1,ODE-298,15-May-27
N,213976,1,NP,09-Feb-27
N,213976,1,ODE-466,09-Feb-31
N,214012,1,I-985,12-Feb-29
N,214012,1,NCE,22-Dec-26
N,214012,1,NPP,12-Feb-29
N,214018,1,NCE,26-Feb-26
N,214018,1,ODE-342,26-Feb-28
A,214023,1,CGT,15-Apr-26
A,214023,2,CGT,15-Apr-26
A,214025,1,CGT,15-Apr-26
A,214025,2,CGT,15-Apr-26
A,214025,3,CGT,15-Apr-26
N,214028,1,D-187,28-Mar-26
N,214056,1,NP,03-Feb-28
N,214070,1,M-317,15-Sep-28
N,214070,1,NP,10-Jan-26
N,214094,1,ODE-333,03-Dec-27
N,214094,2,ODE-333,03-Dec-27
N,214096,1,NCE,03-Feb-26
N,214096,1,ODE-325,03-Feb-28
N,214103,1,ODE-339,23-Nov-27
N,214103,1,ODE-415,06-Oct-29
N,214120,1,ODE-320,01-Sep-27
N,214120,2,ODE-320,01-Sep-27
N,214133,1,NCE*,30-Dec-26
N,214133,1,ODE-385,30-Dec-28
N,214154,1,NCE,15-Apr-26
N,214187,1,ODE-376,10-Jun-28
N,214187,2,ODE*,19-Mar-27
N,214200,1,NCE,12-Feb-26
N,214231,1,NCE,22-Mar-26
N,214231,2,NCE,22-Mar-26
A,214331,2,PC,07-Jan-26
N,214373,1,NCE,20-Jan-28
N,214375,1,NCE,23-Dec-27
N,214377,1,D-198,21-Jan-29
N,214377,1,NCE,19-Jan-26
N,214377,2,D-198,21-Jan-29
N,214377,2,NCE,19-Jan-26
N,214377,3,D-198,21-Jan-29
N,214377,3,NCE,19-Jan-26
N,214410,1,M-187,19-Dec-27
N,214429,1,NCE,16-Jul-26
N,214429,1,ODE-359,16-Jul-28
N,214460,1,ODE-354,04-Jun-28
N,214461,1,ODE-354,04-Jun-28
N,214487,1,NCE,07-Oct-26
N,214487,1,ODE-377,07-Oct-28
N,214511,1,NCE,17-Apr-29
N,214517,1,ODE-329,01-Dec-27
N,214520,1,NCE,15-Nov-28
N,214520,2,NCE,15-Nov-28
A,214568,1,PC,24-Feb-26
N,214622,1,NCE,28-May-26
N,214622,1,ODE-353,28-May-28
N,214622,2,NCE,28-May-26
N,214622,2,ODE-353,28-May-28
N,214662,1,I-938,13-Mar-27
N,214662,1,NCE,29-Sep-26
N,214662,1,NPP,13-Mar-26
N,214662,1,ODE-379,29-Sep-28
N,214662,1,ODE-429,13-Mar-30
N,214662,1,ODE-471,13-Mar-31
N,214662,2,NCE,29-Sep-26
N,214662,2,ODE*,13-Mar-31
N,214662,2,ODE*,13-Mar-30
N,214662,2,ODE*,29-Sep-28
N,214662,2,ODE-490,24-Jul-31
N,214665,1,I-962,16-Jan-28
N,214665,1,NCE,28-May-26
N,214665,1,ODE-352,28-May-28
N,214665,1,ODE-507,16-Jan-32
N,214665,2,I-962,16-Jan-28
N,214665,2,NCE,28-May-26
N,214665,2,ODE-352,28-May-28
N,214665,2,ODE-507,16-Jan-32
N,214665,3,I-962,16-Jan-28
N,214665,3,NCE,28-May-26
N,214665,3,ODE*,28-May-28
N,214665,3,ODE-507,16-Jan-32
N,214755,1,NP,01-May-26
N,214755,1,ODE-431,01-May-30
N,214755,1,ODE-494,16-Oct-31
N,214755,2,NP,01-May-26
N,214755,2,ODE-431,01-May-30
N,214755,2,ODE-494,16-Oct-31
N,214755,3,NP,01-May-26
N,214755,3,ODE-431,01-May-30
N,214755,3,ODE-494,16-Oct-31
N,214755,4,NP,01-May-26
N,214755,4,ODE-431,01-May-30
N,214755,4,ODE-494,16-Oct-31
N,214759,1,NCE,21-Jan-30
N,214759,1,ODE-513,21-Jan-32
N,214759,1,ODE-514,21-Jan-32
N,214759,2,NCE,21-Jan-30
N,214759,2,ODE-513,21-Jan-32
N,214759,2,ODE-514,21-Jan-32
N,214770,1,I-984,27-Jan-29
N,214783,1,NCE,16-Jul-26
N,214783,1,ODE-362,16-Jul-28
N,214787,1,M-301,13-Jul-26
N,214787,1,NCE,22-Oct-25
N,214787,2,M-301,13-Jul-26
N,214787,2,NCE,22-Oct-25
N,214793,1,NCE,26-May-26
N,214801,1,NCE,30-Sep-27
N,214801,1,ODE-410,30-Sep-29
N,214801,2,NCE,30-Sep-27
N,214801,2,ODE*,30-Sep-29
N,214835,1,NP,29-Mar-27
N,214835,2,NP,29-Mar-27
N,214846,1,M-289,27-Jan-26
N,214900,1,NCE,01-Jun-26
N,214907,1,NCE,29-Nov-26
N,214907,1,ODE-390,29-Nov-28
N,214916,1,NCE,23-Aug-26
N,214927,1,NCE,20-Sep-29
N,214927,1,ODE-496,20-Sep-31
N,214927,2,NCE,20-Sep-29
N,214927,2,ODE-496,20-Sep-31
N,214927,3,NCE,20-Sep-29
N,214927,3,ODE-496,20-Sep-31
N,214927,4,NCE,20-Sep-29
N,214927,4,ODE-496,20-Sep-31
N,214938,1,NCE,19-Nov-26
N,214938,1,NPP,20-Oct-26
N,214938,1,ODE-387,19-Nov-28
N,214938,1,ODE-449,20-Oct-30
N,214938,2,NCE,19-Nov-26
N,214938,2,NPP,20-Oct-26
N,214938,2,ODE-387,19-Nov-28
N,214938,2,ODE-449,20-Oct-30
N,214938,3,NCE,19-Nov-26
N,214938,3,NPP,20-Oct-26
N,214938,3,ODE-387,19-Nov-28
N,214938,3,ODE-449,20-Oct-30
N,214958,1,NCE,09-Sep-27
N,214965,1,ODE-358,23-Jun-28
N,214985,1,M-200,30-Sep-27
N,214985,1,M-310,30-Sep-27
N,214985,1,NCE,07-Apr-27
N,214985,2,M-200,30-Sep-27
N,214985,2,M-310,30-Sep-27
N,214985,2,NCE,07-Apr-27
N,214998,1,M-297,15-Jun-26
N,214998,1,NCE,28-Apr-27
N,214998,1,ODE-398,28-Apr-29
N,214998,2,M-297,15-Jun-26
N,214998,2,NCE,28-Apr-27
N,214998,2,ODE-398,28-Apr-29
N,214998,3,M-297,15-Jun-26
N,214998,3,NCE,28-Apr-27
N,214998,3,ODE-398,28-Apr-29
N,214998,4,M-297,15-Jun-26
N,214998,4,NCE,28-Apr-27
N,214998,4,ODE-398,28-Apr-29
N,215014,1,I-972,28-Jul-28
N,215014,1,M-288,08-Feb-26
N,215014,1,NCE,14-May-26
N,215014,1,ODE-351,14-May-28
N,215029,1,NP,24-Sep-28
N,215039,1,ODE-396,05-Apr-29
N,215039,2,ODE-396,05-Apr-29
N,215039,3,ODE-396,05-Apr-29
N,215040,1,NP,13-Feb-27
N,215040,2,NP,13-Feb-27
N,215064,1,NCE,18-Dec-28
N,215064,1,ODE-460,18-Dec-30
N,215092,1,NCE,22-Sep-27
N,215110,1,I-967,10-Jun-28
N,215110,1,ODE-372,10-Jun-28
N,215151,1,I-948,17-Jul-27
N,215151,1,NCE,03-May-27
N,215151,1,NP,01-Nov-26
N,215151,2,NCE,03-May-27
N,215151,2,NP,01-Nov-26
N,215152,1,NCE,03-May-27
N,215153,1,NCE,03-May-27
N,215168,1,NCE,27-Sep-29
N,215192,1,NCE,27-Mar-29
N,215192,2,NCE,27-Mar-29
N,215192,3,NCE,27-Mar-29
N,215206,1,I-909,17-Apr-26
N,215206,1,NCE,28-Sep-26
N,215206,2,I-909,17-Apr-26
N,215206,2,NCE,28-Sep-26
N,215206,3,I-909,17-Apr-26
N,215206,3,NCE,28-Sep-26
N,215211,1,NP,28-Sep-26
N,215239,1,NCE,26-Oct-28
N,215239,1,ODE-450,26-Oct-30
N,215244,1,NCE,19-Sep-30
N,215256,1,I-935,08-Mar-27
N,215256,1,I-973,15-Aug-28
N,215256,2,I-935,08-Mar-27
N,215256,2,I-973,15-Aug-28
N,215256,3,I-935,08-Mar-27
N,215256,3,I-973,15-Aug-28
N,215256,4,D-190,21-Jul-26
N,215256,4,I-935,08-Mar-27
N,215256,4,I-973,15-Aug-28
N,215256,5,I-935,08-Mar-27
N,215256,5,I-973,15-Aug-28
N,215272,1,I-956,12-Dec-27
N,215272,1,NCE,23-May-27
N,215309,1,I-896,18-Jul-25
N,215309,1,NPP,18-Sep-28
N,215310,1,NCE,15-Sep-26
N,215310,1,ODE-374,15-Sep-28
N,215320,1,NP,17-Oct-26
N,215341,1,I-970,11-Jul-28
N,215341,1,NCE,09-Jul-26
N,215341,2,I-970,11-Jul-28
N,215341,2,NCE,09-Jul-26
N,215341,3,NCE,09-Jul-26
N,215341,3,NS,11-Jul-28
N,215344,1,NP,15-Jun-26
N,215352,1,NP,05-May-26
N,215358,1,I-953,29-Oct-27
N,215358,1,I-954,29-Oct-27
N,215358,1,M-318,02-Oct-28
N,215358,1,NCE,29-Oct-26
N,215358,1,ODE-381,29-Oct-28
N,215358,1,ODE-382,29-Oct-28
N,215358,1,ODE-499,29-Oct-31
N,215358,1,ODE-500,29-Oct-31
N,215358,2,I-953,29-Oct-27
N,215358,2,I-954,29-Oct-27
N,215358,2,M-318,02-Oct-28
N,215358,2,NCE,29-Oct-26
N,215358,2,ODE-381,29-Oct-28
N,215358,2,ODE-382,29-Oct-28
N,215358,2,ODE-499,29-Oct-31
N,215358,2,ODE-500,29-Oct-31
N,215358,3,M-318,02-Oct-28
N,215358,3,NCE,29-Oct-26
N,215358,3,ODE*,29-Oct-28
N,215383,1,I-931,14-Dec-26
N,215383,1,I-968,14-May-28
N,215383,1,NCE,13-Aug-26
N,215383,1,ODE-364,13-Aug-28
N,215390,1,M-82,19-Nov-28
N,215390,2,M-82,19-Nov-28
N,215413,1,NPP,15-Jun-26
N,215431,1,NP,30-Jan-28
N,215446,1,ODE-144,12-May-29
N,215487,1,NP,19-Apr-27
N,215498,1,I-918,13-Jun-26
N,215498,1,NCE,20-Jul-26
N,215498,1,ODE-363,20-Jul-28
N,215498,1,ODE-436,13-Jun-30
N,215498,2,I-918,13-Jun-26
N,215498,2,NCE,20-Jul-26
N,215498,2,ODE-363,20-Jul-28
N,215498,2,ODE-436,13-Jun-30
N,215498,3,I-918,13-Jun-26
N,215498,3,NCE,20-Jul-26
N,215498,3,ODE-363,20-Jul-28
N,215498,3,ODE-436,13-Jun-30
N,215498,4,I-918,13-Jun-26
N,215498,4,NCE,20-Jul-26
N,215498,4,ODE-363,20-Jul-28
N,215498,4,ODE-436,13-Jun-30
N,215499,1,NCE,21-Jan-26
N,215500,1,NP,13-Dec-26
N,215500,1,ODE-462,13-Dec-30
N,215515,1,I-964,20-Mar-28
N,215515,1,NCE,13-Jun-27
N,215515,1,ODE-212,13-Jun-29
N,215559,1,NCE,16-Aug-28
N,215559,1,ODE-439,16-Aug-30
N,215559,2,NCE,16-Aug-28
N,215559,2,ODE-439,16-Aug-30
N,215559,3,NCE,16-Aug-28
N,215559,3,ODE-439,16-Aug-30
N,215559,4,NCE,16-Aug-28
N,215559,4,ODE-439,16-Aug-30
N,215559,5,NCE,16-Aug-28
N,215559,5,ODE-439,16-Aug-30
N,215596,1,NCE,23-Nov-26
N,215596,1,ODE-388,23-Nov-28
N,215650,1,NP,07-Dec-24
N,215760,1,ODE-401,28-Apr-29
N,215793,1,NP,12-Jun-28
N,215814,1,NCE,01-Dec-27
N,215814,1,ODE-413,01-Dec-29
N,215830,1,NCE,23-Jun-28
N,215833,1,I-965,28-Mar-28
N,215833,1,NCE,23-Mar-27
N,215842,1,NCE,29-Sep-28
N,215842,1,NPP,27-Mar-28
N,215842,1,ODE-443,29-Sep-30
N,215842,2,NCE,29-Sep-28
N,215842,2,NPP,27-Mar-28
N,215842,2,ODE-443,29-Sep-30
N,215842,3,NCE,29-Sep-28
N,215842,3,NPP,27-Mar-28
N,215842,3,ODE-443,29-Sep-30
N,215866,1,NCE,13-May-27
N,215866,1,NPP,19-Dec-28
N,215866,2,NCE,13-May-27
N,215866,2,NPP,19-Dec-28
N,215866,3,NCE,13-May-27
N,215866,3,NPP,19-Dec-28
N,215866,4,NCE,13-May-27
N,215866,4,NPP,19-Dec-28
N,215866,5,NCE,13-May-27
N,215866,6,NCE,13-May-27
N,215866,7,NCE,13-May-27
N,215866,7,NPP,19-Dec-28
N,215866,8,NCE,13-May-27
N,215866,8,NPP,19-Dec-28
N,215866,9,NCE,13-May-27
N,215866,9,NPP,19-Dec-28
N,215866,10,NCE,13-May-27
N,215866,10,NPP,19-Dec-28
N,215866,11,NCE,13-May-27
N,215866,12,NCE,13-May-27
N,215887,1,NCE,25-Apr-28
N,215887,1,ODE-432,25-Apr-30
N,215888,1,NCE,26-Apr-27
N,215904,1,D-197,16-Oct-28
N,215904,1,NCE,01-Jun-27
N,215904,1,ODE-395,01-Jun-29
N,215910,1,ODE-414,17-Nov-29
N,215935,1,ODE-389,15-Dec-28
N,215935,1,ODE-464,20-Dec-30
N,215973,1,NCE,22-Dec-27
N,215974,1,NCE,22-Dec-27
N,215985,1,NPP,05-Oct-26
N,215985,2,NS,09-Jul-27
N,215985,3,NS,04-Oct-28
N,216016,1,NCE,27-Nov-29
N,216016,2,NCE,27-Nov-29
N,216016,3,NCE,27-Nov-29
N,216016,4,NCE,27-Nov-29
N,216016,5,NCE,27-Nov-29
N,216016,6,NCE,27-Nov-29
N,216016,7,NCE,27-Nov-29
N,216016,8,NCE,27-Nov-29
N,216016,9,NCE,27-Nov-29
N,216016,10,NCE,27-Nov-29
N,216016,11,NCE,27-Nov-29
N,216016,12,NCE,27-Nov-29
N,216016,13,NCE,27-Nov-29
N,216017,1,NCE,27-Nov-29
N,216017,2,NCE,27-Nov-29
N,216017,3,NCE,27-Nov-29
N,216017,4,NCE,27-Nov-29
N,216017,5,NCE,27-Nov-29
N,216017,6,NCE,27-Nov-29
N,216017,7,NCE,27-Nov-29
N,216017,8,NCE,27-Nov-29
N,216017,9,NCE,27-Nov-29
N,216017,10,NCE,27-Nov-29
N,216017,11,NCE,27-Nov-29
N,216017,12,NCE,27-Nov-29
N,216017,13,NCE,27-Nov-29
N,216023,1,NCE,25-May-28
N,216059,1,I-981,02-Dec-28
N,216059,1,NCE,27-Jan-28
N,216059,1,ODE-424,27-Jan-30
N,216059,1,ODE-451,01-Dec-30
N,216059,2,I-981,02-Dec-28
N,216059,2,NCE,27-Jan-28
N,216059,2,ODE-424,27-Jan-30
N,216059,2,ODE-451,01-Dec-30
N,216099,1,M-307,05-Dec-26
N,216099,2,M-307,05-Dec-26
N,216099,3,M-307,05-Dec-26
N,216099,4,M-307,05-Dec-26
N,216099,5,M-307,05-Dec-26
N,216099,6,M-307,05-Dec-26
N,216157,1,ODE*,25-Nov-26
N,216157,1,ODE-394,17-Dec-28
N,216158,1,NCE,26-Sep-29
N,216158,2,NCE,26-Sep-29
N,216158,3,NCE,26-Sep-29
N,216165,1,NCE,22-Feb-29
N,216196,1,NCE,17-Feb-27
N,216196,1,ODE-392,17-Feb-29
N,216196,2,NCE,17-Feb-27
N,216196,2,ODE-392,17-Feb-29
N,216196,3,NCE,17-Feb-27
N,216196,3,ODE-392,17-Feb-29
N,216196,4,NCE,17-Feb-27
N,216196,4,NP,23-Dec-28
N,216203,1,NCE,26-May-28
N,216203,2,NCE,26-May-28
N,216264,1,NCE,08-Jul-27
N,216340,1,NCE,12-Dec-27
N,216340,1,ODE-352,12-Dec-29
N,216386,1,NCE,09-Mar-28
N,216387,1,I-960,16-Jan-28
N,216403,1,NCE,17-Feb-28
N,216403,1,ODE-389,17-Feb-30
N,216403,1,ODE-493,05-Sep-31
N,216403,2,NCE,17-Feb-28
N,216403,2,ODE-389,17-Feb-30
N,216403,2,ODE-493,05-Sep-31
N,216490,1,NCE,09-Aug-29
N,216490,1,ODE-492,09-Aug-31
N,216490,2,NCE,09-Aug-29
N,216490,2,ODE-492,09-Aug-31
N,216490,3,NCE,09-Aug-29
N,216490,3,ODE-492,09-Aug-31
N,216540,1,NCE,22-Nov-29
N,216540,1,ODE-506,22-Nov-31
N,216578,1,NCE,12-May-28
A,216589,1,CGT,02-Aug-26
A,216589,2,CGT,27-Jul-26
A,216589,3,CGT,27-Jul-26
N,216593,1,NP,04-Apr-27
N,216593,1,ODE-470,04-Apr-31
N,216632,1,NP,20-Oct-26
N,216660,1,NCE,29-Sep-27
N,216660,1,ODE-411,29-Sep-29
N,216665,1,NP,26-Mar-28
N,216665,2,NP,26-Mar-28
N,216665,3,NP,26-Mar-28
N,216675,1,NCE,18-May-28
A,216683,3,CGT,01-Feb-26
N,216718,1,M-270,20-Dec-27
N,216718,1,NCE,28-Feb-28
N,216718,1,ODE-427,28-Feb-30
N,216793,1,I-980,12-Dec-28
N,216793,1,NP,11-Aug-26
N,216793,2,I-980,12-Dec-28
N,216793,2,NP,11-Aug-26
N,216834,1,NCE,17-Oct-28
N,216834,1,ODE-446,17-Oct-30
N,216834,2,NCE,17-Oct-28
N,216834,2,ODE-446,17-Oct-30
N,216834,3,NCE,17-Oct-28
N,216834,3,ODE-446,17-Oct-30
N,216873,1,NCE,15-Sep-28
N,216873,1,ODE-441,15-Sep-30
N,216873,2,NCE,15-Sep-28
N,216873,2,ODE-441,15-Sep-30
N,216873,3,NCE,15-Sep-28
N,216873,3,ODE-441,15-Sep-30
N,216951,1,NCE,01-Feb-28
N,216951,2,NCE,01-Feb-28
N,216951,3,NCE,01-Feb-28
N,216951,4,NCE,01-Feb-28
N,216951,5,NCE,01-Feb-28
N,216956,1,NCE,12-Oct-28
N,216962,1,NP,16-Oct-27
N,216974,1,NCE,23-May-28
N,216986,1,NCE,21-Sep-27
N,216986,2,NCE,21-Sep-27
N,216986,3,NCE,21-Sep-27
N,216986,4,NCE,21-Sep-27
N,216986,5,NCE,21-Sep-27
N,216986,6,NCE,21-Sep-27
N,216986,7,NCE,21-Sep-27
N,216993,1,NCE,20-Jul-28
N,216993,1,ODE-437,20-Jul-30
N,216993,2,NCE,20-Jul-28
N,216993,2,ODE-437,20-Jul-30
N,217003,1,NP,24-Aug-25
N,217003,1,ODE-405,24-Aug-29
N,217026,1,NCE,10-Mar-28
N,217026,1,ODE-425,10-Mar-30
N,217064,1,NP,25-Sep-26
N,217159,1,NCE,08-Sep-28
N,217159,1,ODE-442,08-Sep-30
N,217171,1,NCE,14-May-26
N,217171,1,NP,22-Feb-26
N,217186,1,NP,07-Aug-27
N,217186,2,NP,07-Aug-27
N,217186,3,NP,07-Aug-27
N,217186,4,NP,07-Aug-27
N,217188,1,D-195,31-Jan-28
N,217188,1,NCE,25-May-28
N,217202,1,NCE,22-Nov-29
N,217242,1,I-969,22-May-28
N,217242,1,NP,15-Dec-26
N,217307,1,NDF,09-Sep-28
N,217347,1,NCE,20-Jun-29
N,217369,1,NCE,31-Oct-28
N,217369,2,NCE,31-Oct-28
N,217369,3,NCE,31-Oct-28
N,217370,1,NCE,28-May-30
N,217388,1,NCE,21-Dec-28
N,217388,1,ODE-461,21-Dec-30
N,217389,1,NCE,26-Jun-29
N,217417,1,NCE,22-Mar-28
N,217417,1,ODE-426,22-Mar-30
N,217424,1,NCE,05-Jan-29
N,217439,1,I-920,20-Jun-26
N,217439,2,I-920,20-Jun-26
N,217439,4,I-920,20-Jun-26
N,217469,1,NP,30-May-26
N,217470,1,NP,22-May-26
N,217513,1,NP,16-Mar-26
N,217513,1,ODE-428,16-Mar-30
N,217514,1,NP,16-Mar-26
N,217514,1,ODE-428,16-Mar-30
N,217564,1,NCE,08-Nov-28
N,217564,2,NCE,08-Nov-28
A,217597,1,CGT,14-Jul-26
N,217603,1,NCE,24-Jul-28
N,217628,1,NP,26-Sep-28
N,217639,1,NCE,27-Jan-28
N,217639,2,NCE,27-Jan-28
N,217660,1,M-313,20-Dec-27
N,217660,1,NP,26-Apr-26
N,217660,1,ODE-433,26-Apr-30
N,217660,1,ODE-512,20-Dec-31
N,217660,2,NP,26-Apr-26
N,217660,2,ODE-433,26-Apr-30
N,217660,2,ODE-512,20-Dec-31
N,217673,1,NCE,12-Aug-30
N,217673,2,NCE,12-Aug-30
N,217677,1,NCE,27-Nov-28
N,217677,1,ODE-452,27-Nov-30
N,217677,2,NCE,27-Nov-28
N,217677,2,ODE*,27-Nov-30
N,217677,3,NCE,27-Nov-28
N,217677,3,ODE*,27-Nov-30
N,217686,1,NCE,22-Mar-29
N,217700,1,NCE,23-Apr-29
N,217700,1,ODE-478,23-Apr-31
N,217729,1,NP,26-Sep-26
N,217729,1,ODE-444,26-Sep-30
N,217729,2,NP,26-Sep-26
N,217729,2,ODE-444,26-Sep-30
A,217737,1,CGT,26-Jul-26
N,217759,1,NCE,24-Mar-28
N,217759,1,ODE-430,24-Mar-30
N,217779,1,ODE-482,06-Jun-31
N,217779,2,ODE-482,06-Jun-31
N,217785,1,NCE,14-Mar-29
N,217785,2,NCE,14-Mar-29
N,217785,3,NCE,14-Mar-29
A,217795,1,PC,05-Jan-26
N,217806,1,I-958,20-Dec-27
N,217806,1,M-82,18-Oct-27
N,217806,1,NCE,13-May-27
N,217806,1,NP,08-Nov-26
N,217806,2,I-958,20-Dec-27
N,217806,2,M-82,18-Oct-27
N,217806,2,NCE,13-May-27
N,217806,2,NP,08-Nov-26
N,217806,3,I-958,20-Dec-27
N,217806,3,M-82,18-Oct-27
N,217806,3,NCE,13-May-27
N,217806,3,NP,08-Nov-26
N,217806,4,I-958,20-Dec-27
N,217806,4,M-82,18-Oct-27
N,217806,4,NCE,13-May-27
N,217806,4,NP,08-Nov-26
N,217806,5,I-958,20-Dec-27
N,217806,5,M-82,18-Oct-27
N,217806,5,NCE,13-May-27
N,217806,5,NP,08-Nov-26
N,217806,6,I-958,20-Dec-27
N,217806,6,M-82,18-Oct-27
N,217806,6,NCE,13-May-27
N,217806,6,NP,08-Nov-26
N,217806,7,I-958,20-Dec-27
N,217806,7,M-82,18-Oct-27
N,217806,7,NCE,13-May-27
N,217806,8,I-958,20-Dec-27
N,217806,8,M-82,18-Oct-27
N,217806,8,NCE,13-May-27
N,217806,9,I-958,20-Dec-27
N,217806,9,M-82,18-Oct-27
N,217806,9,NCE,13-May-27
N,217806,10,I-958,20-Dec-27
N,217806,10,M-82,18-Oct-27
N,217806,10,NCE,13-May-27
N,217806,11,I-958,20-Dec-27
N,217806,11,M-82,18-Oct-27
N,217806,11,NCE,13-May-27
N,217806,12,I-958,20-Dec-27
N,217806,12,M-82,18-Oct-27
N,217806,12,NCE,13-May-27
N,217836,1,NP,17-Oct-26
N,217865,1,NCE,21-Mar-29
N,217865,1,ODE-473,21-Mar-31
N,217899,1,NCE,14-Aug-29
N,217899,1,ODE-486,14-Aug-31
N,217900,1,NCE,25-Jul-29
N,217901,1,NP,30-Apr-28
N,217906,1,NP,07-Feb-28
N,217933,1,NP,13-Feb-27
N,217933,1,ODE-465,13-Feb-31
N,218010,1,NP,13-Dec-26
N,218033,1,NCE,23-Apr-29
N,218033,1,ODE-478,23-Apr-31
N,218037,1,NCE,29-Mar-29
N,218037,1,ODE-476,29-Mar-31
N,218037,2,NCE,29-Mar-29
N,218037,2,ODE-476,29-Mar-31
N,218158,1,NP,04-Mar-27
N,218160,1,M-311,27-Sep-27
N,218160,1,M-312,27-Sep-27
N,218160,1,ODE*,08-May-27
N,218160,1,ODE*,08-May-27
N,218160,1,ODE*,21-Sep-29
N,218160,1,ODE*,21-Sep-29
N,218160,1,ODE*,29-May-31
N,218160,1,ODE*,29-May-31
N,218160,1,ODE*,29-May-31
N,218160,1,ODE*,08-May-27
N,218160,2,M-311,27-Sep-27
N,218160,2,M-312,27-Sep-27
N,218160,2,ODE*,29-May-31
N,218160,2,ODE*,08-May-27
N,218160,2,ODE*,21-Sep-29
N,218160,2,ODE*,08-May-27
N,218160,2,ODE*,21-Sep-29
N,218160,2,ODE*,08-May-27
N,218160,2,ODE*,29-May-31
N,218160,2,ODE*,29-May-31
N,218160,3,M-311,27-Sep-27
N,218160,3,M-312,27-Sep-27
N,218160,3,ODE*,29-May-31
N,218160,3,ODE*,29-May-31
N,218160,3,ODE*,21-Sep-29
N,218160,3,ODE*,08-May-27
N,218160,3,ODE*,21-Sep-29
N,218160,3,ODE*,08-May-27
N,218160,3,ODE*,08-May-27
N,218160,3,ODE*,29-May-31
N,218160,4,M-311,27-Sep-27
N,218160,4,M-312,27-Sep-27
N,218160,4,ODE*,21-Sep-29
N,218160,4,ODE*,08-May-27
N,218160,4,ODE*,08-May-27
N,218160,4,ODE*,29-May-31
N,218160,4,ODE*,08-May-27
N,218160,4,ODE*,29-May-31
N,218160,4,ODE*,29-May-31
N,218160,4,ODE*,21-Sep-29
N,218171,1,NCE,18-Dec-29
N,218171,2,NCE,18-Dec-29
N,218197,1,NCE,16-Nov-28
N,218197,2,NCE,16-Nov-28
N,218201,1,NP,24-Feb-28
N,218213,1,NCE,15-Nov-28
N,218213,1,ODE-455,15-Nov-30
N,218213,1,ODE-483,13-Jun-31
N,218213,2,NCE,15-Nov-28
N,218213,2,ODE*,15-Nov-30
N,218213,2,ODE-483,13-Jun-31
N,218230,1,I-978,11-Dec-28
N,218230,1,NCE,25-Mar-30
A,218271,1,PC,21-Feb-26
A,218271,2,PC,21-Feb-26
A,218273,1,CGT,02-Jun-26
N,218275,1,NCE,03-Apr-29
N,218276,1,I-949,07-Aug-27
N,218276,1,I-963,20-Mar-28
N,218276,1,NCE,05-Dec-28
N,218276,1,ODE-456,05-Dec-30
N,218316,1,I-935,08-Mar-27
N,218316,1,NP,22-Dec-28
N,218316,2,I-935,08-Mar-27
N,218316,2,NP,22-Dec-28
N,218316,3,I-935,08-Mar-27
N,218316,3,NP,22-Dec-28
N,218316,4,I-935,08-Mar-27
N,218316,4,NP,22-Dec-28
N,218347,1,NP,26-Apr-27
N,218347,1,ODE-481,26-Apr-31
N,218390,1,I-925,18-Aug-26
N,218390,2,I-925,18-Aug-26
N,218390,3,I-925,18-Aug-26
A,218391,1,CGT,22-Mar-26
N,218436,1,NCE,30-Sep-30
N,218490,1,NP,22-Mar-27
N,218490,1,ODE-475,22-Mar-31
N,218490,2,NP,22-Mar-27
N,218490,2,ODE-475,22-Mar-31
N,218550,1,NP,20-Oct-26
N,218550,1,ODE*,15-Aug-26
N,218550,1,ODE*,15-Aug-26
N,218550,1,ODE-448,20-Oct-30
N,218571,1,NCE,12-Dec-30
N,218585,1,NCE,31-Jul-30
N,218590,1,NP,07-Aug-27
N,218614,1,ODE-515,19-Dec-31
N,218643,1,NP,15-Aug-28
N,218709,1,NCE,26-Apr-29
N,218709,1,ODE-480,26-Apr-31
N,218718,1,NP,22-Jul-27
N,218730,1,NCE,20-Dec-29
N,218730,2,NCE,20-Dec-29
N,218764,1,I-979,19-Dec-28
N,218764,1,NCE,07-Oct-30
N,218764,2,I-979,19-Dec-28
N,218764,2,NCE,07-Oct-30
N,218784,1,NCE,06-Aug-29
N,218784,1,ODE-491,06-Aug-31
N,218784,2,NCE,06-Aug-29
N,218784,2,ODE-491,06-Aug-31
N,218785,1,I-817,19-Jan-26
N,218785,1,I-936,07-Mar-27
N,218785,1,ODE*,14-Sep-28
N,218785,1,ODE*,14-Nov-26
N,218785,1,ODE*,31-Aug-28
N,218785,1,ODE*,07-Mar-31
N,218785,1,ODE*,19-Jan-30
N,218808,1,NCE,13-Dec-29
N,218808,1,ODE-503,13-Dec-31
N,218808,2,NCE,13-Dec-29
N,218808,2,ODE-503,13-Dec-31
N,218808,3,NCE,13-Dec-29
N,218808,3,ODE-503,13-Dec-31
A,218813,1,CGT,18-Apr-26
N,218820,1,NCE,13-Dec-29
N,218820,1,ODE-503,13-Dec-31
A,218853,1,CGT,18-Jan-26
A,218853,2,CGT,18-Jan-26
N,218860,1,NCE,10-Jun-29
N,218860,1,ODE-486,10-Jun-31
N,218881,1,NCE,25-Sep-30
N,218944,1,NCE,15-Nov-29
N,218944,1,ODE-502,15-Nov-31
N,218944,1,ODE-504,15-Nov-31
N,218944,1,ODE-505,15-Nov-31
N,218944,2,NCE,15-Nov-29
N,218944,2,ODE-502,15-Nov-31
N,218944,2,ODE-504,15-Nov-31
N,218944,2,ODE-505,15-Nov-31
N,218944,3,NCE,15-Nov-29
N,218944,3,ODE-502,15-Nov-31
N,218944,3,ODE-504,15-Nov-31
N,218944,3,ODE-505,15-Nov-31
N,219008,1,NCE,19-Aug-29
N,219008,2,NCE,19-Aug-29
N,219015,1,NP,01-Nov-27
N,219016,1,NP,15-Mar-27
N,219019,1,NCE,28-Mar-30
N,219019,1,ODE-510,28-Mar-32
N,219019,1,ODE-511,28-Mar-32
N,219019,2,NCE,28-Mar-30
N,219019,2,ODE-510,28-Mar-32
N,219019,2,ODE-511,28-Mar-32
N,219042,1,NCE,08-Aug-30
N,219070,1,NCE,25-Sep-30
N,219070,2,NCE,25-Sep-30
N,219083,1,NCE,19-Dec-30
N,219083,2,NCE,19-Dec-30
N,219083,3,NCE,19-Dec-30
N,219083,4,NCE,19-Dec-30
N,219104,1,NP,30-Aug-27
N,219104,1,ODE*,05-Jun-30
N,219104,1,ODE-495,30-Aug-31
N,219104,1,ODE-497,30-Aug-31
N,219104,2,NP,30-Aug-27
N,219104,2,ODE*,05-Jun-30
N,219104,2,ODE-495,30-Aug-31
N,219104,2,ODE-497,30-Aug-31
N,219132,1,NCE,24-Sep-29
N,219132,1,ODE-498,24-Sep-31
N,219155,1,NCE,23-Jul-30
N,219164,1,ODE-516,27-Feb-33
N,219164,2,ODE-516,27-Feb-33
N,219164,3,ODE-516,27-Feb-33
N,219208,1,NCE,02-Apr-30
N,219209,1,NCE,30-Jan-30
N,219249,1,NCE,10-Oct-29
N,219249,2,NCE,10-Oct-29
A,219265,1,CGT,19-May-26
A,219265,2,CGT,19-May-26
A,219265,3,CGT,19-May-26
N,219285,1,M-270,03-Oct-26
N,219301,1,NCE,03-Jul-30
N,219304,1,NCE,14-Feb-30
N,219304,2,NCE,14-Feb-30
N,219304,3,NCE,14-Feb-30
N,219379,1,NCE,11-Feb-30
N,219379,1,ODE-488,11-Feb-32
N,219389,1,NCE,11-Feb-30
N,219389,1,ODE-488,11-Feb-32
N,219389,2,NCE,11-Feb-30
N,219389,2,ODE-488,11-Feb-32
N,219423,1,NP,05-Jun-28
N,219423,2,NP,05-Jun-28
N,219423,3,NP,05-Jun-28
N,219428,1,NP,15-Aug-28
N,219469,1,NCE,24-Oct-30
N,219474,1,NCE,12-Feb-31
N,219485,1,I-938,13-Mar-27
N,219485,1,NCE,29-Sep-26
N,219485,2,I-938,13-Mar-27
N,219485,2,NCE,29-Sep-26
N,219485,3,I-938,13-Mar-27
N,219485,3,NCE,29-Sep-26
N,219485,4,I-938,13-Mar-27
N,219485,4,NCE,29-Sep-26
N,219488,1,NP,21-Feb-28
N,219491,1,NCE,12-Dec-30
N,219616,1,NCE,08-May-30
N,219666,1,NCE,28-Jul-30
N,219666,2,NCE,28-Jul-30
N,219683,1,NP,09-Sep-28
N,219685,1,NCE,29-Aug-30
N,219696,1,NP,24-Jul-28
N,219713,1,NCE,11-Jun-30
N,219745,1,NS,25-Aug-28
N,219776,1,NP,11-Dec-28
N,219776,2,NP,11-Dec-28
N,219776,3,NP,11-Dec-28
N,219776,4,NP,11-Dec-28
A,219777,1,CGT,01-Feb-26
A,219777,4,CGT,01-Feb-26
N,219792,1,NCE,03-Nov-30
N,219839,1,NCE,02-Jul-30
N,219839,2,NCE,02-Jul-30
N,219868,1,NP,16-Oct-28
N,219868,2,NP,16-Oct-28
N,219876,1,NCE,06-Aug-30
N,219884,1,NCE,10-Mar-28
N,219884,1,ODE*,10-Mar-30
N,219884,2,NCE,10-Mar-28
N,219884,2,ODE*,10-Mar-30
N,219884,3,NCE,10-Mar-28
N,219884,3,ODE*,10-Mar-30
N,219910,1,NP,17-Oct-28
A,219922,1,CGT,06-May-26
N,219943,1,NP,10-Sep-28
N,219943,1,NPP,19-Nov-28
N,219943,1,ODE*,10-Apr-27
N,219943,2,NP,10-Sep-28
N,219943,2,NPP,19-Nov-28
N,219943,2,ODE*,10-Apr-27
N,219972,1,NCE,19-Nov-30
N,220018,1,NCE,22-Dec-27
N,220018,1,NP,18-Jun-28
N,220020,1,NCE,22-Dec-27
N,220020,1,NP,18-Jun-28
N,220073,1,NP,17-Apr-28
N,220142,1,NP,28-Jan-29
N,220152,1,NCE,30-Dec-30
N,220305,1,NCE,13-Nov-30
N,212477,1,ODE-262,28-Aug-26
N,212477,1,ODE-263,28-Aug-26
N,212477,1,ODE-264,28-Aug-26
N,212477,2,ODE-262,28-Aug-26
N,212477,2,ODE-263,28-Aug-26
N,212477,2,ODE-264,28-Aug-26
N,207500,1,PED,06-Sep-22
N,207501,1,PED,06-Sep-22
N,206947,1,PED,15-Feb-26
N,206947,2,PED,15-Feb-26
N,207925,1,PED,29-Oct-26
N,207925,2,PED,29-Oct-26
N,207925,3,PED,29-Oct-26
N,205832,1,PED,06-Mar-27
N,205832,2,PED,06-Mar-27
N,209394,1,PED,30-Oct-26
N,209394,1,PED,30-Oct-26
N,209964,1,PED,22-Oct-26
N,205437,1,PED,19-Jan-27
N,205437,2,PED,19-Jan-27
N,205437,3,PED,19-Jan-27
N,21196,1,PED,26-Apr-26
N,21986,1,PED,21-Jun-26
N,21986,2,PED,21-Jun-26
N,21986,3,PED,21-Jun-26
N,21986,4,PED,21-Jun-26
N,21986,5,PED,21-Jun-26
N,21986,6,PED,21-Jun-26
N,202192,1,PED,24-Nov-26
N,202192,2,PED,24-Nov-26
N,202192,3,PED,24-Nov-26
N,202192,4,PED,24-Nov-26
N,202192,5,PED,24-Nov-26
N,208341,1,PED,19-Sep-27
N,208341,2,PED,19-Sep-27
N,214094,1,PED,03-Jun-28
N,214094,2,PED,03-Jun-28
N,203188,1,PED,21-Jun-28
N,207500,1,PED,06-Sep-22
N,212102,1,PED,25-Dec-27
N,209401,1,PED,30-Sep-28
N,212690,1,PED,21-Jan-28
N,207925,1,PED,21-Jun-28
N,207925,2,PED,21-Jun-28
N,207925,3,PED,21-Jun-28
N,213246,1,PED,08-Nov-27
N,213246,2,PED,08-Nov-27
N,214787,1,PED,22-Apr-26
N,214787,2,PED,22-Apr-26
N,204026,1,PED,14-Nov-27
N,204026,1,PED,14-Nov-27
N,204026,2,PED,14-Nov-27
N,204026,2,PED,14-Nov-27
N,204026,3,PED,14-Nov-27
N,204026,3,PED,14-Nov-27
N,204026,4,PED,14-Nov-27
N,204026,4,PED,14-Nov-27
N,213246,1,PED,08-Nov-27
N,213246,1,PED,08-Nov-27
N,213246,2,PED,08-Nov-27
N,213246,2,PED,08-Nov-27
N,207501,1,PED,06-Sep-22
N,217729,1,PED,26-Mar-31
N,217729,2,PED,26-Mar-31
N,203341,1,PED,26-Mar-31
N,203341,2,PED,26-Mar-31
N,203341,3,PED,26-Mar-31
N,213246,1,PED,27-Mar-28
N,213246,2,PED,27-Mar-28
N,218160,1,PED,27-Mar-28
N,218160,2,PED,27-Mar-28
N,218160,3,PED,27-Mar-28
N,218160,4,PED,27-Mar-28
N,213246,1,PED,27-Mar-28
N,213246,2,PED,27-Mar-28
N,218160,1,PED,27-Mar-28
N,218160,2,PED,27-Mar-28
N,218160,3,PED,27-Mar-28
N,218160,4,PED,27-Mar-28
N,217514,1,PED,16-Sep-30
N,213246,1,PED,29-Nov-31
N,213246,2,PED,29-Nov-31
N,218490,1,PED,22-Sep-27
N,218490,2,PED,22-Sep-27
N,219884,1,PED,10-Sep-28
N,219884,1,PED,10-Sep-30
N,219884,2,PED,10-Sep-28
N,219884,2,PED,10-Sep-30
N,219884,3,PED,10-Sep-30
N,219884,3,PED,10-Sep-28
N,202811,1,PED,04-May-29
N,22225,1,PED,12-Jun-28
N,22225,2,PED,12-Jun-28
N,202293,1,PED,08-Nov-26
N,202293,2,PED,08-Nov-26
N,201532,1,PED,13-Mar-26
N,205109,1,PED,01-Jan-28
N,213246,1,PED,29-Nov-31
N,213246,2,PED,29-Nov-31
N,213246,1,PED,29-Nov-31
N,213246,2,PED,29-Nov-31
N,203214,1,PED,21-Aug-28
N,213082,1,PED,21-Aug-28
N,202806,1,PED,16-Sep-30
N,202806,2,PED,16-Sep-30
N,202192,1,PED,19-Jun-26
N,202192,2,PED,19-Jun-26
N,202192,3,PED,19-Jun-26
N,202192,4,PED,19-Jun-26
N,202192,5,PED,19-Jun-26
N,205422,1,PED,08-Nov-27
N,205422,2,PED,08-Nov-27
N,205422,3,PED,08-Nov-27
N,205422,4,PED,08-Nov-27
N,205422,5,PED,08-Nov-27
N,205422,6,PED,08-Nov-27
N,211358,1,PED,02-Mar-30
N,211358,2,PED,02-Mar-30
N,211358,3,PED,02-Mar-30
N,213246,1,PED,21-Mar-30
N,213246,2,PED,21-Mar-30
N,215110,1,PED,10-Dec-28
N,209394,1,PED,10-Dec-28
N,204447,1,PED,23-Feb-27
N,204447,2,PED,23-Feb-27
N,204447,4,PED,23-Feb-27
N,205422,1,PED,10-Nov-26
N,205422,2,PED,10-Nov-26
N,205422,3,PED,10-Nov-26
N,205422,4,PED,10-Nov-26
N,205422,5,PED,10-Nov-26
N,205422,6,PED,10-Nov-26
N,215413,1,PED,15-Dec-26
N,205551,1,PED,15-Dec-26
N,201281,1,PED,20-Dec-26
N,201281,2,PED,20-Dec-26
N,201281,3,PED,20-Dec-26
N,208026,1,PED,20-Dec-26
N,208026,2,PED,20-Dec-26
N,201280,1,PED,20-Dec-26
N,204629,1,PED,20-Dec-26
N,204629,2,PED,20-Dec-26
N,206111,1,PED,20-Dec-26
N,206111,2,PED,20-Dec-26
N,206111,3,PED,20-Dec-26
N,206111,4,PED,20-Dec-26
N,208658,1,PED,20-Dec-26
N,208658,2,PED,20-Dec-26
N,208658,3,PED,20-Dec-26
N,208658,4,PED,20-Dec-26
N,204447,3,PED,23-Feb-27
N,204410,1,PED,28-Aug-28
N,204114,1,PED,16-Sep-26
N,204114,2,PED,16-Sep-26
N,204114,3,PED,16-Sep-26
N,207925,4,PED,03-Nov-30
N,207925,5,PED,03-Nov-30
N,213246,1,PED,21-Mar-30
N,213246,2,PED,21-Mar-30
N,214187,1,PED,10-Dec-28
N,203794,1,PED,03-Jan-27
N,22304,1,PED,03-Jan-27
N,22304,2,PED,03-Jan-27
N,22304,3,PED,03-Jan-27
N,207501,1,PED,08-Jun-31
N,207500,1,PED,08-Jun-31
N,207500,2,PED,08-Jun-31
N,217513,1,PED,16-Sep-30
N,204114,1,PED,16-Sep-30
N,204114,2,PED,16-Sep-30
N,204114,3,PED,16-Sep-30
N,217513,1,PED,16-Sep-26
N,207103,1,PED,16-Mar-29
N,207103,2,PED,16-Mar-29
N,207103,3,PED,16-Mar-29
N,212436,1,PED,16-Mar-29
N,212436,2,PED,16-Mar-29
N,212436,3,PED,16-Mar-29
N,202022,1,PED,15-Sep-27
N,219016,1,PED,15-Sep-27
N,217514,1,PED,16-Sep-26
N,202806,1,PED,16-Sep-26
N,202806,2,PED,16-Sep-26
N,207500,1,PED,08-Jun-27
N,207500,2,PED,08-Jun-27
N,207500,2,PED,06-Sep-22
N,217003,1,PED,24-Feb-30
N,205552,1,PED,24-Feb-30
N,205552,2,PED,24-Feb-30
N,210563,1,PED,24-Feb-30
N,210563,2,PED,24-Feb-30
N,210563,3,PED,24-Feb-30
N,210563,4,PED,24-Feb-30
N,217026,1,PED,10-Sep-30
N,207500,1,PED,08-Jun-31
N,207500,2,PED,08-Jun-31
N,202293,1,PED,12-Dec-27
N,202293,2,PED,12-Dec-27
N,205649,1,PED,12-Dec-27
N,205649,2,PED,12-Dec-27
N,205649,3,PED,12-Dec-27
N,205649,4,PED,12-Dec-27
N,205649,5,PED,12-Dec-27
N,213246,1,PED,29-Nov-27
N,213246,2,PED,29-Nov-27
N,208700,1,PED,23-Oct-27
N,206947,1,PED,03-Oct-27
N,206947,2,PED,03-Oct-27
N,205437,1,PED,25-Oct-27
N,205437,2,PED,25-Oct-27
N,205437,3,PED,25-Oct-27
N,208700,1,PED,23-Oct-31
N,207925,4,PED,03-Nov-26
N,207925,5,PED,03-Nov-26
N,218490,1,PED,22-Sep-31
N,218490,2,PED,22-Sep-31
N,206192,1,PED,28-Jan-26
N,217003,1,PED,24-Feb-26
N,205552,1,PED,24-Feb-26
N,205552,2,PED,24-Feb-26
N,210563,1,PED,24-Feb-26
N,210563,2,PED,24-Feb-26
N,210563,3,PED,24-Feb-26
N,210563,4,PED,24-Feb-26
N,204042,1,PED,18-Jun-28
N,204042,2,PED,18-Jun-28
N,204353,1,PED,18-Jun-28
N,204353,2,PED,18-Jun-28
N,204353,3,PED,18-Jun-28
N,204353,4,PED,18-Jun-28
N,205879,1,PED,18-Jun-28
N,205879,2,PED,18-Jun-28
N,205879,3,PED,18-Jun-28
N,205879,4,PED,18-Jun-28
N,211358,1,PED,13-Jun-28
N,211358,2,PED,13-Jun-28
N,211358,3,PED,13-Jun-28
N,207501,1,PED,08-Jun-27
N,207501,1,PED,08-Jun-31
N,214187,2,PED,19-Sep-27
N,22068,1,PED,23-Mar-29
N,22068,2,PED,23-Mar-29
N,22068,3,PED,23-Mar-29
N,217729,1,PED,26-Mar-27
N,217729,2,PED,26-Mar-27
N,217026,1,PED,10-Sep-28
N,204275,1,PED,13-Nov-26
N,204275,3,PED,13-Nov-26
N,219776,1,PED,11-Jun-29
N,219776,2,PED,11-Jun-29
N,219776,3,PED,11-Jun-29
N,219776,4,PED,11-Jun-29
N,207925,1,PED,22-Nov-28
N,207925,2,PED,22-Nov-28
N,207925,3,PED,22-Nov-28
N,207925,4,PED,22-Nov-28
N,207925,5,PED,22-Nov-28
N,218160,1,PED,29-Nov-31
N,218160,1,PED,29-Nov-31
N,218160,2,PED,29-Nov-31
N,218160,2,PED,29-Nov-31
N,218160,3,PED,29-Nov-31
N,218160,3,PED,29-Nov-31
N,218160,4,PED,29-Nov-31
N,218160,4,PED,29-Nov-31
N,218160,1,PED,29-Nov-31
N,218160,2,PED,29-Nov-31
N,218160,3,PED,29-Nov-31
N,218160,4,PED,29-Nov-31
N,218160,1,PED,21-Mar-30
N,218160,2,PED,21-Mar-30
N,218160,3,PED,21-Mar-30
N,218160,4,PED,21-Mar-30
N,218160,1,PED,21-Mar-30
N,218160,1,PED,08-Nov-27
N,218160,2,PED,21-Mar-30
N,218160,2,PED,08-Nov-27
N,218160,3,PED,08-Nov-27
N,218160,3,PED,21-Mar-30
N,218160,4,PED,21-Mar-30
N,218160,4,PED,08-Nov-27
N,202155,1,PED,17-Oct-28
N,202155,2,PED,17-Oct-28
N,202155,3,PED,17-Oct-28
N,220073,1,PED,17-Oct-28
N,218160,1,PED,08-Nov-27
N,218160,2,PED,08-Nov-27
N,218160,3,PED,08-Nov-27
N,218160,4,PED,08-Nov-27
N,218160,1,PED,08-Nov-27
N,218160,2,PED,08-Nov-27
N,218160,3,PED,08-Nov-27
N,218160,4,PED,08-Nov-27
N,202714,1,PED,22-Nov-28
N,202714,2,PED,22-Nov-28
N,202714,3,PED,22-Nov-28
N,205437,1,PED,20-Jan-27
N,205437,2,PED,20-Jan-27
N,205437,3,PED,20-Jan-27
N,215309,1,PED,18-Jan-26
N,212102,1,PED,25-Sep-29
N,202192,1,PED,22-Mar-29
N,202192,2,PED,22-Mar-29
N,202192,3,PED,22-Mar-29
N,202192,4,PED,22-Mar-29
N,202192,5,PED,22-Mar-29
N,210745,1,PED,19-Jan-27
N,210745,1,PED,20-Jan-27
N,214787,1,PED,13-Jan-27
N,214787,2,PED,13-Jan-27
N,203341,1,PED,26-Mar-27
N,203341,2,PED,26-Mar-27
N,203341,3,PED,26-Mar-27
N,207500,1,GAIN,06-Sep-27
N,207501,1,GAIN,06-Sep-27
N,208611,1,GAIN,19-Jun-27
N,208610,1,GAIN,19-Jun-27
N,210303,1,GAIN,25-Jun-28
N,211109,1,GAIN,27-Aug-28
N,209363,1,GAIN,15-Sep-27
N,209816,1,GAIN,02-Oct-28
N,209817,1,GAIN,02-Oct-28
N,207356,1,GAIN,28-Sep-30
N,209445,1,GAIN,14-Nov-29
N,212862,1,GAIN,14-Aug-29
N,211673,1,GAIN,19-Aug-29
N,211672,1,GAIN,19-Aug-29
N,207500,1,GAIN,06-Sep-27
N,209776,1,GAIN,29-Aug-27
N,214900,1,GAIN,01-Jun-31
N,207501,1,GAIN,06-Sep-27
N,212819,1,GAIN,16-Jul-29
N,217417,1,GAIN,22-Mar-35
N,219491,1,GAIN,12-Dec-35
N,210910,1,GAIN,16-Nov-28
N,211109,2,GAIN,27-Aug-28
N,212271,1,GAIN,22-Oct-33
N,218230,1,GAIN,25-Mar-35
N,216165,1,GAIN,22-Feb-34
N,216974,1,GAIN,23-May-33
N,217906,1,GAIN,07-Feb-33
N,215650,1,GAIN,07-Dec-29
N,214520,1,GAIN,15-Nov-33
N,214520,2,GAIN,15-Nov-33
N,207500,2,GAIN,06-Sep-27
N,215152,1,GAIN,03-May-32
N,215153,1,GAIN,03-May-32
N,215888,1,GAIN,26-Apr-32
N,218275,1,GAIN,03-Apr-34
N,215151,1,GAIN,03-May-32
N,215151,2,GAIN,03-May-32
N,213004,1,GAIN,01-Nov-27
N,213972,1,GAIN,25-Oct-34
N,217628,1,GAIN,26-Sep-33
N,217417,1,GAIN,22-Mar-33
